activation,arch,batch_size,epochs,lr,model,test_acc,test_f1,train_time_s,val_acc,val_f1,wd
relu,"[256, 128]",256.0,20.0,0.03,nn,0.6313333333333333,0.6284676631362663,502.6,0.6586666666666666,0.6561286625393642,0.0001
relu,"[256, 128]",,,,nn,0.6313333333333333,0.6284676631362663,,,,
softmax,linear,,,,softmax,0.604,0.60665949140663,,,,
