model,arch,activation,lr,epochs,batch_size,wd,test_acc,test_f1,train_time_s_full
nn,"[256, 128]",tanh,0.03,20,256,0.0001,0.6493333333333333,0.6485491363550576,242.1
softmax,linear,softmax,0.2,8,512,0.0001,0.608,0.6060597466602675,13.3
softmax,linear,softmax,0.3,8,512,0.0001,0.6033333333333334,0.6013860119751507,13.2
