model,arch,activation,lr,epochs,batch_size,wd,train_time_s,val_acc,val_f1
nn,"[256, 128]",tanh,0.03,20,256,0.0001,74.3,0.593,0.5929758216113145
softmax,linear,softmax,0.2,8,512,0.0001,4.3,0.5776666666666667,0.5788232849559293
softmax,linear,softmax,0.3,8,512,0.0001,5.7,0.5763333333333334,0.5753269301979159
nn,"[512, 256, 128]",relu,0.02,20,256,0.0001,304.1,0.5143333333333333,0.5050030813898244
softmax,linear,softmax,0.1,8,512,0.0001,10.4,0.4866666666666667,0.476703859342736
nn,"[256, 128]",relu,0.02,20,256,0.0001,156.2,0.48833333333333334,0.47450587136595135
