model,arch,activation,lr,epochs,batch_size,wd,train_time_s,val_acc,val_f1,03_delta_vs_softmax
nn,"[256, 128]",tanh,0.03,20,256,0.0001,74.3,0.593,0.5929758216113145,0.014152536655385184
softmax,linear,softmax,0.2,8,512,0.0001,4.3,0.5776666666666667,0.5788232849559293,0.0
softmax,linear,softmax,0.3,8,512,0.0001,5.7,0.5763333333333334,0.5753269301979159,-0.0034963547580133536
nn,"[512, 256, 128]",relu,0.02,20,256,0.0001,304.1,0.5143333333333333,0.5050030813898244,-0.07382020356610486
softmax,linear,softmax,0.1,8,512,0.0001,10.4,0.4866666666666667,0.476703859342736,-0.10211942561319326
nn,"[256, 128]",relu,0.02,20,256,0.0001,156.2,0.4883333333333333,0.4745058713659513,-0.10431741358997798
